<?xml version="1.0" encoding="UTF-8"?>
<configuration>

<property name="LOG_HOME" value="D:/applogs" /> 
<property name="SERVICE_NAME" value="DocumentService" />

   <!-- Log message format for STDOUT-->
  <appender name="STDOUT" class="ch.qos.logback.core.ConsoleAppender">
    <encoder>
       <pattern>%d{"yyyy-MM-dd 'T' HH:mm:ss.SSS"} [%thread] %-5level %logger{36} - %msg %n</pattern>
    </encoder>
  </appender>
  
  <!-- Application logging -->
  <appender name="APP" class="ch.qos.logback.core.rolling.RollingFileAppender">
    <file>${LOG_HOME}/${SERVICE_NAME}_app_log.log</file>
    <encoder class="ch.qos.logback.classic.encoder.PatternLayoutEncoder">
       <pattern>%d{"yyyy-MM-dd 'T' HH:mm:ss.SSS"} [%thread] %-5level %logger{36} - %msg %n</pattern>
       </encoder>
    <rollingPolicy class="ch.qos.logback.core.rolling.TimeBasedRollingPolicy">
              <!-- rollover daily -->
              <fileNamePattern>${LOG_HOME}/archived/${SERVICE_NAME}_app_log.%d{yyyy-MM-dd}.%i.log</fileNamePattern>
        <timeBasedFileNamingAndTriggeringPolicy class="ch.qos.logback.core.rolling.SizeAndTimeBasedFNATP">
              <maxFileSize>10MB</maxFileSize>
      </timeBasedFileNamingAndTriggeringPolicy>
       </rollingPolicy>
  </appender>

  <!-- Exception logging -->
  <appender name="EXC" class="ch.qos.logback.core.rolling.RollingFileAppender">
    <file>${LOG_HOME}/${SERVICE_NAME}_exc_log.log</file>
    <encoder class="ch.qos.logback.classic.encoder.PatternLayoutEncoder">
       <pattern>%d{"yyyy-MM-dd 'T' HH:mm:ss.SSS"} [%thread] %-5level %logger{36} - %msg %n</pattern>
       </encoder>
    <rollingPolicy class="ch.qos.logback.core.rolling.TimeBasedRollingPolicy">
              <!-- rollover daily -->
              <fileNamePattern>${LOG_HOME}/archived/${SERVICE_NAME}_exc_log.%d{yyyy-MM-dd}.%i.log</fileNamePattern>
        <timeBasedFileNamingAndTriggeringPolicy class="ch.qos.logback.core.rolling.SizeAndTimeBasedFNATP">
              <maxFileSize>10MB</maxFileSize>
      </timeBasedFileNamingAndTriggeringPolicy>
       </rollingPolicy>
  </appender>
  
  <!-- Root Level logging -->
  <appender name="ROOTLOG" class="ch.qos.logback.core.rolling.RollingFileAppender">
    <file>${LOG_HOME}/${SERVICE_NAME}_root_log.log</file>
    <encoder class="ch.qos.logback.classic.encoder.PatternLayoutEncoder">
       <pattern>%d{"yyyy-MM-dd 'T' HH:mm:ss.SSS"} [%thread] %-5level %logger{36} - %msg %n</pattern>
       </encoder>
    <rollingPolicy class="ch.qos.logback.core.rolling.TimeBasedRollingPolicy">
              <!-- rollover daily -->
              <fileNamePattern>${LOG_HOME}/archived/${SERVICE_NAME}_root_log.%d{yyyy-MM-dd}.%i.log</fileNamePattern>
        <timeBasedFileNamingAndTriggeringPolicy class="ch.qos.logback.core.rolling.SizeAndTimeBasedFNATP">
              <maxFileSize>10MB</maxFileSize>
      </timeBasedFileNamingAndTriggeringPolicy>
       </rollingPolicy>
  </appender>

 <!-- Level Higherarchy : TRACE   > DEBUG > INFO > WARN > ERROR -->

 <!-- Specific application logged messages, level set to TRACE -->
  <logger name="Service_Application" level="DEBUG">
    <appender-ref ref="APP" />
  </logger>
  <logger name="Service_Exception" level="DEBUG">
    <appender-ref ref="EXC" />
  </logger>

  <!-- Setting the root level of logging to INFO, so only INFO, WARN, ERROR will be logged to root file -->
  <root level="INFO">
    <appender-ref ref="ROOTLOG" />
  </root>
</configuration>
