<?xml version="1.0" encoding="UTF-8"?>
<configuration>
<property resource="./logger.properties" />

<property name="LOG_HOME" value="/applogs" />
<property name="SERVICE_NAME" value="${spring.application.name}" />
<property name="SEPARATOR" value="|" />

  <!-- Log message format for STDOUT-->
  <appender name="STDOUT" class="ch.qos.logback.core.ConsoleAppender">
    <encoder>
    	<pattern>%d{"yyyy-MM-dd'T'HH:mm:ss.SSS"} ${SEPARATOR} [%thread] ${SEPARATOR} %-5level ${SEPARATOR} ${SERVICE_NAME} ${SEPARATOR} %msg %n</pattern>
    </encoder>
  </appender>
  
  <!-- Application logging -->
  <appender name="APP" class="ch.qos.logback.core.rolling.RollingFileAppender">
    <file>${LOG_HOME}/${SERVICE_NAME}_app_log.log</file>
    <encoder class="ch.qos.logback.classic.encoder.PatternLayoutEncoder">
    	<pattern>%d{"yyyy-MM-dd'T'HH:mm:ss.SSS"} ${SEPARATOR} [%thread] ${SEPARATOR} %-5level ${SEPARATOR} ${SERVICE_NAME} ${SEPARATOR} %msg %n</pattern>
	</encoder>
    <rollingPolicy class="ch.qos.logback.core.rolling.TimeBasedRollingPolicy">
		<!-- rollover daily -->
		<fileNamePattern>${LOG_HOME}/archived/${SERVICE_NAME}_app_log.%d{yyyy-MM-dd}.%i.log</fileNamePattern>
        <timeBasedFileNamingAndTriggeringPolicy class="ch.qos.logback.core.rolling.SizeAndTimeBasedFNATP">
        	<maxFileSize>10MB</maxFileSize>
      	</timeBasedFileNamingAndTriggeringPolicy>
	</rollingPolicy>
  </appender>

  <!-- Exception logging -->
  <appender name="EXC" class="ch.qos.logback.core.rolling.RollingFileAppender">
    <file>${LOG_HOME}/${SERVICE_NAME}_exc_log.log</file>
    <encoder class="ch.qos.logback.classic.encoder.PatternLayoutEncoder">
    	<pattern>%d{"yyyy-MM-dd'T'HH:mm:ss.SSS"} ${SEPARATOR} [%thread] ${SEPARATOR} %-5level ${SEPARATOR} ${SERVICE_NAME} ${SEPARATOR} %msg %n</pattern>
	</encoder>
    <rollingPolicy class="ch.qos.logback.core.rolling.TimeBasedRollingPolicy">
		<!-- rollover daily -->
		<fileNamePattern>${LOG_HOME}/archived/${SERVICE_NAME}_exc_log.%d{yyyy-MM-dd}.%i.log</fileNamePattern>
        <timeBasedFileNamingAndTriggeringPolicy class="ch.qos.logback.core.rolling.SizeAndTimeBasedFNATP">
        	<maxFileSize>10MB</maxFileSize>
      	</timeBasedFileNamingAndTriggeringPolicy>
	</rollingPolicy>
  </appender>
  
  <!-- Root Level logging -->
  <appender name="ROOTLOG" class="ch.qos.logback.core.rolling.RollingFileAppender">
    <file>${LOG_HOME}/${SERVICE_NAME}_root_log.log</file>
    <encoder class="ch.qos.logback.classic.encoder.PatternLayoutEncoder">
    	<pattern>%d{"yyyy-MM-dd'T'HH:mm:ss.SSS"} ${SEPARATOR} [%thread] ${SEPARATOR} %-5level ${SEPARATOR} ${SERVICE_NAME} ${SEPARATOR} %msg %n</pattern>
	</encoder>
    <rollingPolicy class="ch.qos.logback.core.rolling.TimeBasedRollingPolicy">
		<!-- rollover daily -->
		<fileNamePattern>${LOG_HOME}/archived/${SERVICE_NAME}_root_log.%d{yyyy-MM-dd}.%i.log</fileNamePattern>
        <timeBasedFileNamingAndTriggeringPolicy class="ch.qos.logback.core.rolling.SizeAndTimeBasedFNATP">
        	<maxFileSize>10MB</maxFileSize>
      	</timeBasedFileNamingAndTriggeringPolicy>
	</rollingPolicy>
  </appender>
  
  <!--				 Async logging 				-->
  
  <!-- Application logging -->
  <appender name="ASYNC_APP" class="ch.qos.logback.classic.AsyncAppender">
    <queueSize>5000</queueSize>
    <discardingThreshold>0</discardingThreshold>
    <appender-ref ref="APP" />
  </appender>
  
  <!-- Exception logging -->
  <appender name="ASYNC_EXC" class="ch.qos.logback.classic.AsyncAppender">
    <queueSize>5000</queueSize>
    <discardingThreshold>0</discardingThreshold>
    <appender-ref ref="EXC" />
  </appender>
  
  <!-- Root Level logging -->
  <appender name="ASYNC_ROOT" class="ch.qos.logback.classic.AsyncAppender">
    <queueSize>5000</queueSize>
    <discardingThreshold>0</discardingThreshold>
    <appender-ref ref="ROOTLOG" />
  </appender>
 
 <!-- Level Higherarchy : TRACE	> DEBUG > INFO > WARN > ERROR -->
 
 <!-- Specific application logged messages, level set to TRACE -->
  <logger name="Service_Application" level="TRACE" additivity="false">
    <!-- <appender-ref ref="APP" /> -->
    <appender-ref ref="ASYNC_APP" />
  </logger>
  <logger name="Service_Exception" level="WARN" additivity="false">
    <!-- <appender-ref ref="EXC" /> -->
    <appender-ref ref="ASYNC_EXC" />
  </logger>
  
  <logger name="org.hibernate.SQL" level="DEBUG" />
<!--   <logger name="org.hibernate.type" level="TRACE" />
 -->  <logger name="org.hibernate.type.descriptor.sql" level="TRACE" />

  <!-- Setting the root level of logging to INFO, so only INFO, WARN, ERROR will be logged to root file -->
  <root level="INFO">
    <!-- <appender-ref ref="ROOTLOG" /> -->
    <appender-ref ref="ASYNC_ROOT" />
  </root>
</configuration>